Title,Tag,Author,Storylink,Time
Voters head to the polls in a crucial midterm test for Trump,Jeffersonville, CLAIRE GALOFARO and MARTHA IRVINE,/705ae08bd6f44012b564b0f37b5ca089,"November 6, 2018"
"US election systems more secure, but voting problems persist",apf-politics, CHRISTINA A. CASSIDY and COLLEEN LONG,/39bf351036ce41eba5c73fdd71e8b713,"November 6, 2018"
"With political future on line, Trump makes last midterm push",Immigration," JONATHAN LEMIRE, CATHERINE LUCEY and ZEKE MILLER",/16fc64a12b3b4a8e84330b04f4d77dc7,"November 6, 2018"
Economic realities moderate Trump’s hard line on Iran,Midtermelections, MATTHEW LEE,/d71ba915c0e441cea484f71c0dcc0678,"November 6, 2018"
Migrants straggle into Mexico City to shelter at stadium,Elections," SONIA PEREZ D., MARK STEVENSON, and MARIA VERZA",/16493cfceee448e299c786dc0a6bedfa,"November 6, 2018"
Pipe bomb suspect scheduled for Election Day court hearing,apf-NorthAmerica,Associated Press,/df205626dd4c4b898512d2a329f28efc,"November 6, 2018"
Amazon mum on reports it will split new headquarters,DonaldTrump,,/c322a6093b4245f19d89a9b69b8e5f32,"November 6, 2018"
Trump calls Fox’s Hannity onstage at campaign rally,Indiana, DAVID BAUDER,/20f240baf06742c79de711d7e8580eb9,"November 6, 2018"
People magazine names Idris Elba 2018′s Sexiest Man Alive,apf-usnews, JONATHAN LANDRUM Jr.,/8394124d9fc0496e93d71050cd9440a0,"November 6, 2018"
"Mariota recovers, Titans top Cowboys 28-14 in Cooper’s debut",apf-topnews, SCHUYLER DIXON,/51eac8cce6864c9cb5ca32c292feb09b,"November 6, 2018"
"Toyota quarterly profit rises on growing sales, cost cuts",Jeffersonville,,https://apnews.com/apf-politics,"November 6, 2018"
Democrat challenges GOP hold on Florida governor’s seat,apf-politics, BRENDAN FARRINGTON and GARY FINEOUT,https://apnews.com/TheMissing,"November 6, 2018"
"History, Trump and partisan bitterness collide in Georgia",Immigration, BILL BARROW and BEN NADLER,/b5c90b029dac4508aef58ac801350080,"November 6, 2018"
"Bruce Springsteen, Seth Meyers headline veterans fundraiser",Midtermelections, MARK KENNEDY,/263896e7421946b09d7dcf670a15c606,"November 6, 2018"
"Senators players filmed trashing team, coach while in Uber",Elections, The Associated Press,/9381c30f852e457f86961bc2a295158d,"November 6, 2018"
"Thunder win fifth straight, lose Westbrook to sprained ankle",apf-NorthAmerica, CLIFF BRUNT,/0f400e33a8c24348a0fa3e35eca90003,"November 6, 2018"
The Latest: Trump pauses speech as woman gets medical help,DonaldTrump,,/db28d27093d948358eb54577f90476bb,"November 6, 2018"
"Asian shares meander, oil lower ahead of US midterms vote",Indiana, ELAINE KURTENBACH,/2e17ca13d82847cbaf7dde7a078a134b,"November 6, 2018"
New Zealand fisherman’s ocean rescue of toddler ‘miraculous’,apf-usnews, NICK PERRY,/5ab8023ee0764b979b17cec75f6a2b9c,"November 6, 2018"
AP Top 25 Heat Check: Big gap between top and bottom half,Localelections, RALPH D. RUSSO,/0c4a623a96484a40b49eb61568d7a37d,"November 6, 2018"
USOC moves to shut down USA Gymnastics after Nassar scandal,apf-topnews, EDDIE PELLS,/c4439d6bef954882bf6fea10891c97aa,"November 6, 2018"
2 California death row inmates found dead; suicide suspected,apf-topnews, DON THOMPSON,/41d5eb31e6dc440a940b0ac8dc236636,"November 6, 2018"
"Caravan migrants arrive in Mexico City, bed down in stadium",apf-topnews," SONIA PEREZ D., MARK STEVENSON, and MARIA VERZA",/047d1ae4181e4c5b9baf6132cf72b1a5,"November 6, 2018"
Chinese ‘gait recognition’ tech IDs people by how they walk,apf-topnews, DAKE KANG,/237283e4cc2447cd978accc16bcb6fbb,"November 6, 2018"
"Relatives struggle with Wisconsin deaths of Girl Scout, mom",apf-topnews, IVAN MORENO,/bb335ceae7444924b97db378ed1f11b9,"November 6, 2018"
Understanding the vote: New AP survey debuts Nov. 6,apf-topnews, LAURIE KELLMAN,http://www.herald-dispatch.com/mason-county-elementary-students-learn-science-math-while-growing-fish/article_454f1e5a-8598-50cb-a865-19e8311f966c.html,"November 6, 2018"
"Fox, NBC and Facebook turn down Trump ad deemed racist",IdrisElba, DAVID BAUDER,http://www.herald-dispatch.com/news/mason-county-elementary-students-learn-science-math-while-growing-fish/article_8d4400cd-ea97-533a-ae1e-17f31e447407.html,"November 6, 2018"
"Buffalo bishop revises priest abuse list, fends off critics",Tennessee, CAROLYN THOMPSON,http://www.journalgazette.net/news/local/schools/20181105/nacs-approves-257-million-construction-bid-teacher-contract,"November 6, 2018"
How ‘net neutrality’ became a hot-button issue,Japan, MAE ANDERSON,http://www.startribune.com/local/south/499737721.html,"November 6, 2018"
Fractious Arizona Senate race heads into final hours,Tallahassee, FELICIA FONSECA and NICHOLAS RICCARDI,http://www.sentinelandenterprise.com/news/ci_32252996?source=AP,"November 6, 2018"
Airbnb landlords agree to pay San Francisco $2.25 million,StaceyAbrams,,/bf75dd1c26c947b7826d270a16e2658a,"November 6, 2018"
AP Photos: Earthly protection for those seeking the divine,apf-Music, LORI HINNANT,/43d0a8e614f548899f641e0f1e825762,"November 6, 2018"
Weinstein lawyers try again to get sex assault case tossed,Arizona, MICHAEL R. SISAK and JENNIFER PELTZ,/56e47aea1c3f4c939d0a52a97cb1f2a9,"November 6, 2018"
A guide to the 2018-19 college basketball season,NewOrleansPelicans, JOHN MARSHALL,/c2f9567a937044bfbb0bef7eafd13c9f,"November 6, 2018"
Georgia governor’s race roiled by election security charges,apf-politics, BILL BARROW and FRANK BAJAK,/c344af2257d347ce8fa2d22971546874,"November 6, 2018"
Fox’s MacCallum takes on new election-night role,Singapore, DAVID BAUDER,/2ceb089790944682bfda0e40f4a1424c,"November 6, 2018"
Separatists kidnap 79 pupils in Cameroon’s restive northwest,apf-intlnews, EDWIN KINDZEKA MOKI,/9716d587ee9a4d79b6a163d887bf5d6f,"November 6, 2018"
Injuries make impact sidelining NFL stars at halfway point,Collegefootball, TERESA M. WALKER,/6f72322a2d144dc6ae9fce50b5afd0e8,"November 6, 2018"
Aretha Franklin doc ‘Amazing Grace’ to finally see the light,apf-topnews, JAKE COYLE,/ee09ca35045d4ef8836f37e81de8dc4b,"November 6, 2018"
Iran president warns of ‘war situation’ as sanctions resume,apf-topnews, NASSER KARIMI and JON GAMBRELL,/866bd9ba40414f7bbc2aaa1615af8492,"November 6, 2018"
More protection: UN says Earth’s ozone layer is healing,apf-topnews, SETH BORENSTEIN,/573bdcda4a174fe485dddb5b0c41a20e,"November 6, 2018"
Website used by suspect in synagogue massacre is back online,Beijing, MICHAEL KUNZELMAN,/003e4c45886e4119a5b6f8ddfeb3995e,"November 6, 2018"
Autopsy finds rapper Mac Miller died from drugs and alcohol,apf-topnews, ANDREW DALTON,/0361aae838b548a386569dfc98d90e3b,"November 6, 2018"
"Democrats’ hopes high for taking House, but nothing certain",GaryPruitt, STEVE PEOPLES,/613d03d0c1b84f89a22eda5325148e65,"November 6, 2018"
"Djokovic back at No. 1; replaces Nadal, whose season is over",Television, HOWARD FENDRICH,/500cc7fa20ff421ca929160398facb31,"November 6, 2018"
"Shaquille O’Neal, Ken Jeong team for reality TV comedy pilot",apf-religion,,/8fb72e19972a40c3b00af4a68089060a,"November 6, 2018"
Turn smoked turkey and melty cheddar into an inspired lunch,apf-technology, AMERICA'S TEST KITCHEN,/4e22aa017d524490af8ed2b3dfca13f1,"November 6, 2018"
Cooking and glazing a moist and cured ham? It’s in the bag,Flagstaff, AMERICA'S TEST KITCHEN,/835094e7af61414981259ed69dbb185e,"November 6, 2018"
Pecan pie with a smooth-textured filling and a nice crust,SanFrancisco, AMERICA'S TEST KITCHEN,/8cc18ed5264a4a4593f2fc0714b17782,"November 6, 2018"
A recipe for rolls as good as any from a European bakery,apf-topnews, AMERICA'S TEST KITCHEN,/9e65656745a741cfbff6874df91ffa2d,"November 6, 2018"
Jittery investors await outcome of midterm elections,NicholasDiGaudio, ALEX VEIGA,/45c16428c1ea41a9b7f7e087498d312e,"November 6, 2018"
TVA announces solar installations being built for Facebook,apf-NorthAmerica,,/ff95eb51b23749139a3d44a7a7cfcd4d,"November 6, 2018"
Baked brie with jam or fruit is popular for good reason,StaceyAbrams, AMERICA'S TEST KITCHEN,/f5ef5e4093244136ae34a8d64ca019c8,"November 6, 2018"
COOKING ON DEADLINE: Mushroom Cornbread Stuffing or Dressing,JakeTapper, KATIE WORKMAN,/353b31ae638545ea9caf73c8bd2dc9e5,"November 6, 2018"
Ride-share companies embrace election frenzy,apf-topnews, CATHY BUSSEWITZ,/3a5d05d041724f80971fd7b87161e94e,"November 6, 2018"
Tusk defends actions as former PM at Poland’s pyramid probe,NFL, MONIKA SCISLOWSKA,/129441c097b74e6b894ed0ee251a2c05,"November 6, 2018"
"Despite major success, Kane Brown feels like an outsider",apf-topnews, KRISTIN M. HALL,/45f394ee7c4540d9ba8347ffdedd24a6,"November 6, 2018"
Title,Tag,Author,Storylink,Time
Voters head to the polls in a crucial midterm test for Trump,Jeffersonville, CLAIRE GALOFARO and MARTHA IRVINE,/705ae08bd6f44012b564b0f37b5ca089,"November 6, 2018"
"US election systems more secure, but voting problems persist",apf-politics, CHRISTINA A. CASSIDY and COLLEEN LONG,/39bf351036ce41eba5c73fdd71e8b713,"November 6, 2018"
"With political future on line, Trump makes last midterm push",Immigration," JONATHAN LEMIRE, CATHERINE LUCEY and ZEKE MILLER",/16fc64a12b3b4a8e84330b04f4d77dc7,"November 6, 2018"
Economic realities moderate Trump’s hard line on Iran,Midtermelections, MATTHEW LEE,/d71ba915c0e441cea484f71c0dcc0678,"November 6, 2018"
Migrants straggle into Mexico City to shelter at stadium,Elections," SONIA PEREZ D., MARK STEVENSON, and MARIA VERZA",/16493cfceee448e299c786dc0a6bedfa,"November 6, 2018"
Pipe bomb suspect scheduled for Election Day court hearing,apf-NorthAmerica,Associated Press,/df205626dd4c4b898512d2a329f28efc,"November 6, 2018"
Amazon mum on reports it will split new headquarters,DonaldTrump,,/c322a6093b4245f19d89a9b69b8e5f32,"November 6, 2018"
Trump calls Fox’s Hannity onstage at campaign rally,Indiana, DAVID BAUDER,/20f240baf06742c79de711d7e8580eb9,"November 6, 2018"
People magazine names Idris Elba 2018′s Sexiest Man Alive,apf-usnews, JONATHAN LANDRUM Jr.,/8394124d9fc0496e93d71050cd9440a0,"November 6, 2018"
"Mariota recovers, Titans top Cowboys 28-14 in Cooper’s debut",apf-topnews, SCHUYLER DIXON,/51eac8cce6864c9cb5ca32c292feb09b,"November 6, 2018"
"Toyota quarterly profit rises on growing sales, cost cuts",Jeffersonville,,/apf-politics,"November 6, 2018"
Democrat challenges GOP hold on Florida governor’s seat,apf-politics, BRENDAN FARRINGTON and GARY FINEOUT,/TheMissing,"November 6, 2018"
"History, Trump and partisan bitterness collide in Georgia",Immigration, BILL BARROW and BEN NADLER,/b5c90b029dac4508aef58ac801350080,"November 6, 2018"
"Bruce Springsteen, Seth Meyers headline veterans fundraiser",Midtermelections, MARK KENNEDY,/263896e7421946b09d7dcf670a15c606,"November 6, 2018"
"Senators players filmed trashing team, coach while in Uber",Elections, The Associated Press,/9381c30f852e457f86961bc2a295158d,"November 6, 2018"
"Thunder win fifth straight, lose Westbrook to sprained ankle",apf-NorthAmerica, CLIFF BRUNT,/0f400e33a8c24348a0fa3e35eca90003,"November 6, 2018"
The Latest: Trump pauses speech as woman gets medical help,DonaldTrump,,/db28d27093d948358eb54577f90476bb,"November 6, 2018"
"Asian shares meander, oil lower ahead of US midterms vote",Indiana, ELAINE KURTENBACH,/2e17ca13d82847cbaf7dde7a078a134b,"November 6, 2018"
New Zealand fisherman’s ocean rescue of toddler ‘miraculous’,apf-usnews, NICK PERRY,/5ab8023ee0764b979b17cec75f6a2b9c,"November 6, 2018"
AP Top 25 Heat Check: Big gap between top and bottom half,Localelections, RALPH D. RUSSO,/0c4a623a96484a40b49eb61568d7a37d,"November 6, 2018"
USOC moves to shut down USA Gymnastics after Nassar scandal,apf-topnews, EDDIE PELLS,/c4439d6bef954882bf6fea10891c97aa,"November 6, 2018"
2 California death row inmates found dead; suicide suspected,apf-topnews, DON THOMPSON,/41d5eb31e6dc440a940b0ac8dc236636,"November 6, 2018"
"Caravan migrants arrive in Mexico City, bed down in stadium",apf-topnews," SONIA PEREZ D., MARK STEVENSON, and MARIA VERZA",/047d1ae4181e4c5b9baf6132cf72b1a5,"November 6, 2018"
Chinese ‘gait recognition’ tech IDs people by how they walk,apf-topnews, DAKE KANG,/237283e4cc2447cd978accc16bcb6fbb,"November 6, 2018"
"Relatives struggle with Wisconsin deaths of Girl Scout, mom",apf-topnews, IVAN MORENO,/bb335ceae7444924b97db378ed1f11b9,"November 6, 2018"
Understanding the vote: New AP survey debuts Nov. 6,apf-topnews, LAURIE KELLMAN,http://www.herald-dispatch.com/mason-county-elementary-students-learn-science-math-while-growing-fish/article_454f1e5a-8598-50cb-a865-19e8311f966c.html,"November 6, 2018"
"Fox, NBC and Facebook turn down Trump ad deemed racist",IdrisElba, DAVID BAUDER,http://www.herald-dispatch.com/news/mason-county-elementary-students-learn-science-math-while-growing-fish/article_8d4400cd-ea97-533a-ae1e-17f31e447407.html,"November 6, 2018"
"Buffalo bishop revises priest abuse list, fends off critics",Tennessee, CAROLYN THOMPSON,http://www.journalgazette.net/news/local/schools/20181105/nacs-approves-257-million-construction-bid-teacher-contract,"November 6, 2018"
How ‘net neutrality’ became a hot-button issue,Japan, MAE ANDERSON,http://www.startribune.com/local/south/499737721.html,"November 6, 2018"
Fractious Arizona Senate race heads into final hours,Tallahassee, FELICIA FONSECA and NICHOLAS RICCARDI,http://www.sentinelandenterprise.com/news/ci_32252996?source=AP,"November 6, 2018"
Airbnb landlords agree to pay San Francisco $2.25 million,StaceyAbrams,,/bf75dd1c26c947b7826d270a16e2658a,"November 6, 2018"
AP Photos: Earthly protection for those seeking the divine,apf-Music, LORI HINNANT,/43d0a8e614f548899f641e0f1e825762,"November 6, 2018"
Weinstein lawyers try again to get sex assault case tossed,Arizona, MICHAEL R. SISAK and JENNIFER PELTZ,/56e47aea1c3f4c939d0a52a97cb1f2a9,"November 6, 2018"
A guide to the 2018-19 college basketball season,NewOrleansPelicans, JOHN MARSHALL,/c2f9567a937044bfbb0bef7eafd13c9f,"November 6, 2018"
Georgia governor’s race roiled by election security charges,apf-politics, BILL BARROW and FRANK BAJAK,/c344af2257d347ce8fa2d22971546874,"November 6, 2018"
Fox’s MacCallum takes on new election-night role,Singapore, DAVID BAUDER,/2ceb089790944682bfda0e40f4a1424c,"November 6, 2018"
Separatists kidnap 79 pupils in Cameroon’s restive northwest,apf-intlnews, EDWIN KINDZEKA MOKI,/9716d587ee9a4d79b6a163d887bf5d6f,"November 6, 2018"
Injuries make impact sidelining NFL stars at halfway point,Collegefootball, TERESA M. WALKER,/6f72322a2d144dc6ae9fce50b5afd0e8,"November 6, 2018"
Aretha Franklin doc ‘Amazing Grace’ to finally see the light,apf-topnews, JAKE COYLE,/ee09ca35045d4ef8836f37e81de8dc4b,"November 6, 2018"
Iran president warns of ‘war situation’ as sanctions resume,apf-topnews, NASSER KARIMI and JON GAMBRELL,/866bd9ba40414f7bbc2aaa1615af8492,"November 6, 2018"
More protection: UN says Earth’s ozone layer is healing,apf-topnews, SETH BORENSTEIN,/573bdcda4a174fe485dddb5b0c41a20e,"November 6, 2018"
Website used by suspect in synagogue massacre is back online,Beijing, MICHAEL KUNZELMAN,/003e4c45886e4119a5b6f8ddfeb3995e,"November 6, 2018"
Autopsy finds rapper Mac Miller died from drugs and alcohol,apf-topnews, ANDREW DALTON,/0361aae838b548a386569dfc98d90e3b,"November 6, 2018"
"Democrats’ hopes high for taking House, but nothing certain",GaryPruitt, STEVE PEOPLES,/613d03d0c1b84f89a22eda5325148e65,"November 6, 2018"
"Djokovic back at No. 1; replaces Nadal, whose season is over",Television, HOWARD FENDRICH,/500cc7fa20ff421ca929160398facb31,"November 6, 2018"
"Shaquille O’Neal, Ken Jeong team for reality TV comedy pilot",apf-religion,,/8fb72e19972a40c3b00af4a68089060a,"November 6, 2018"
Turn smoked turkey and melty cheddar into an inspired lunch,apf-technology, AMERICA'S TEST KITCHEN,/4e22aa017d524490af8ed2b3dfca13f1,"November 6, 2018"
Cooking and glazing a moist and cured ham? It’s in the bag,Flagstaff, AMERICA'S TEST KITCHEN,/835094e7af61414981259ed69dbb185e,"November 6, 2018"
Pecan pie with a smooth-textured filling and a nice crust,SanFrancisco, AMERICA'S TEST KITCHEN,/8cc18ed5264a4a4593f2fc0714b17782,"November 6, 2018"
A recipe for rolls as good as any from a European bakery,apf-topnews, AMERICA'S TEST KITCHEN,/9e65656745a741cfbff6874df91ffa2d,"November 6, 2018"
Jittery investors await outcome of midterm elections,NicholasDiGaudio, ALEX VEIGA,/45c16428c1ea41a9b7f7e087498d312e,"November 6, 2018"
TVA announces solar installations being built for Facebook,apf-NorthAmerica,,/ff95eb51b23749139a3d44a7a7cfcd4d,"November 6, 2018"
Baked brie with jam or fruit is popular for good reason,StaceyAbrams, AMERICA'S TEST KITCHEN,/f5ef5e4093244136ae34a8d64ca019c8,"November 6, 2018"
COOKING ON DEADLINE: Mushroom Cornbread Stuffing or Dressing,JakeTapper, KATIE WORKMAN,/353b31ae638545ea9caf73c8bd2dc9e5,"November 6, 2018"
Ride-share companies embrace election frenzy,apf-topnews, CATHY BUSSEWITZ,/3a5d05d041724f80971fd7b87161e94e,"November 6, 2018"
Tusk defends actions as former PM at Poland’s pyramid probe,NFL, MONIKA SCISLOWSKA,/129441c097b74e6b894ed0ee251a2c05,"November 6, 2018"
"Despite major success, Kane Brown feels like an outsider",apf-topnews, KRISTIN M. HALL,/45f394ee7c4540d9ba8347ffdedd24a6,"November 6, 2018"
Title,Tag,Author,Storylink,Time
Voters head to the polls in a crucial midterm test for Trump,Jeffersonville, CLAIRE GALOFARO and MARTHA IRVINE,/705ae08bd6f44012b564b0f37b5ca089,"November 6, 2018"
"US election systems more secure, but voting problems persist",apf-politics, CHRISTINA A. CASSIDY and COLLEEN LONG,/39bf351036ce41eba5c73fdd71e8b713,"November 6, 2018"
"With political future on line, Trump makes last midterm push",Immigration," JONATHAN LEMIRE, CATHERINE LUCEY and ZEKE MILLER",/16fc64a12b3b4a8e84330b04f4d77dc7,"November 6, 2018"
Economic realities moderate Trump’s hard line on Iran,Midtermelections, MATTHEW LEE,/d71ba915c0e441cea484f71c0dcc0678,"November 6, 2018"
Migrants straggle into Mexico City to shelter at stadium,Elections," SONIA PEREZ D., MARK STEVENSON, and MARIA VERZA",/16493cfceee448e299c786dc0a6bedfa,"November 6, 2018"
Pipe bomb suspect scheduled for Election Day court hearing,apf-NorthAmerica,Associated Press,/df205626dd4c4b898512d2a329f28efc,"November 6, 2018"
Amazon mum on reports it will split new headquarters,DonaldTrump,,/c322a6093b4245f19d89a9b69b8e5f32,"November 6, 2018"
Trump calls Fox’s Hannity onstage at campaign rally,Indiana, DAVID BAUDER,/20f240baf06742c79de711d7e8580eb9,"November 6, 2018"
People magazine names Idris Elba 2018′s Sexiest Man Alive,apf-usnews, JONATHAN LANDRUM Jr.,/8394124d9fc0496e93d71050cd9440a0,"November 6, 2018"
"Mariota recovers, Titans top Cowboys 28-14 in Cooper’s debut",apf-topnews, SCHUYLER DIXON,/51eac8cce6864c9cb5ca32c292feb09b,"November 6, 2018"
"Toyota quarterly profit rises on growing sales, cost cuts",Jeffersonville,,/apf-politics,"November 6, 2018"
Democrat challenges GOP hold on Florida governor’s seat,apf-politics, BRENDAN FARRINGTON and GARY FINEOUT,/TheMissing,"November 6, 2018"
"History, Trump and partisan bitterness collide in Georgia",Immigration, BILL BARROW and BEN NADLER,/b5c90b029dac4508aef58ac801350080,"November 6, 2018"
"Bruce Springsteen, Seth Meyers headline veterans fundraiser",Midtermelections, MARK KENNEDY,/263896e7421946b09d7dcf670a15c606,"November 6, 2018"
"Senators players filmed trashing team, coach while in Uber",Elections, The Associated Press,/9381c30f852e457f86961bc2a295158d,"November 6, 2018"
"Thunder win fifth straight, lose Westbrook to sprained ankle",apf-NorthAmerica, CLIFF BRUNT,/0f400e33a8c24348a0fa3e35eca90003,"November 6, 2018"
The Latest: Trump pauses speech as woman gets medical help,DonaldTrump,,/db28d27093d948358eb54577f90476bb,"November 6, 2018"
"Asian shares meander, oil lower ahead of US midterms vote",Indiana, ELAINE KURTENBACH,/2e17ca13d82847cbaf7dde7a078a134b,"November 6, 2018"
New Zealand fisherman’s ocean rescue of toddler ‘miraculous’,apf-usnews, NICK PERRY,/5ab8023ee0764b979b17cec75f6a2b9c,"November 6, 2018"
AP Top 25 Heat Check: Big gap between top and bottom half,Localelections, RALPH D. RUSSO,/0c4a623a96484a40b49eb61568d7a37d,"November 6, 2018"
USOC moves to shut down USA Gymnastics after Nassar scandal,apf-topnews, EDDIE PELLS,/c4439d6bef954882bf6fea10891c97aa,"November 6, 2018"
2 California death row inmates found dead; suicide suspected,apf-topnews, DON THOMPSON,/41d5eb31e6dc440a940b0ac8dc236636,"November 6, 2018"
"Caravan migrants arrive in Mexico City, bed down in stadium",apf-topnews," SONIA PEREZ D., MARK STEVENSON, and MARIA VERZA",/047d1ae4181e4c5b9baf6132cf72b1a5,"November 6, 2018"
Chinese ‘gait recognition’ tech IDs people by how they walk,apf-topnews, DAKE KANG,/237283e4cc2447cd978accc16bcb6fbb,"November 6, 2018"
"Relatives struggle with Wisconsin deaths of Girl Scout, mom",apf-topnews, IVAN MORENO,/bb335ceae7444924b97db378ed1f11b9,"November 6, 2018"
Understanding the vote: New AP survey debuts Nov. 6,apf-topnews, LAURIE KELLMAN,http://www.herald-dispatch.com/mason-county-elementary-students-learn-science-math-while-growing-fish/article_454f1e5a-8598-50cb-a865-19e8311f966c.html,"November 6, 2018"
"Fox, NBC and Facebook turn down Trump ad deemed racist",IdrisElba, DAVID BAUDER,http://www.herald-dispatch.com/news/mason-county-elementary-students-learn-science-math-while-growing-fish/article_8d4400cd-ea97-533a-ae1e-17f31e447407.html,"November 6, 2018"
"Buffalo bishop revises priest abuse list, fends off critics",Tennessee, CAROLYN THOMPSON,http://www.journalgazette.net/news/local/schools/20181105/nacs-approves-257-million-construction-bid-teacher-contract,"November 6, 2018"
How ‘net neutrality’ became a hot-button issue,Japan, MAE ANDERSON,http://www.startribune.com/local/south/499737721.html,"November 6, 2018"
Fractious Arizona Senate race heads into final hours,Tallahassee, FELICIA FONSECA and NICHOLAS RICCARDI,http://www.sentinelandenterprise.com/news/ci_32252996?source=AP,"November 6, 2018"
Airbnb landlords agree to pay San Francisco $2.25 million,StaceyAbrams,,/bf75dd1c26c947b7826d270a16e2658a,"November 6, 2018"
AP Photos: Earthly protection for those seeking the divine,apf-Music, LORI HINNANT,/43d0a8e614f548899f641e0f1e825762,"November 6, 2018"
Weinstein lawyers try again to get sex assault case tossed,Arizona, MICHAEL R. SISAK and JENNIFER PELTZ,/56e47aea1c3f4c939d0a52a97cb1f2a9,"November 6, 2018"
A guide to the 2018-19 college basketball season,NewOrleansPelicans, JOHN MARSHALL,/c2f9567a937044bfbb0bef7eafd13c9f,"November 6, 2018"
Georgia governor’s race roiled by election security charges,apf-politics, BILL BARROW and FRANK BAJAK,/c344af2257d347ce8fa2d22971546874,"November 6, 2018"
Fox’s MacCallum takes on new election-night role,Singapore, DAVID BAUDER,/2ceb089790944682bfda0e40f4a1424c,"November 6, 2018"
Separatists kidnap 79 pupils in Cameroon’s restive northwest,apf-intlnews, EDWIN KINDZEKA MOKI,/9716d587ee9a4d79b6a163d887bf5d6f,"November 6, 2018"
Injuries make impact sidelining NFL stars at halfway point,Collegefootball, TERESA M. WALKER,/6f72322a2d144dc6ae9fce50b5afd0e8,"November 6, 2018"
Aretha Franklin doc ‘Amazing Grace’ to finally see the light,apf-topnews, JAKE COYLE,/ee09ca35045d4ef8836f37e81de8dc4b,"November 6, 2018"
Iran president warns of ‘war situation’ as sanctions resume,apf-topnews, NASSER KARIMI and JON GAMBRELL,/866bd9ba40414f7bbc2aaa1615af8492,"November 6, 2018"
More protection: UN says Earth’s ozone layer is healing,apf-topnews, SETH BORENSTEIN,/573bdcda4a174fe485dddb5b0c41a20e,"November 6, 2018"
Website used by suspect in synagogue massacre is back online,Beijing, MICHAEL KUNZELMAN,/003e4c45886e4119a5b6f8ddfeb3995e,"November 6, 2018"
Autopsy finds rapper Mac Miller died from drugs and alcohol,apf-topnews, ANDREW DALTON,/0361aae838b548a386569dfc98d90e3b,"November 6, 2018"
"Democrats’ hopes high for taking House, but nothing certain",GaryPruitt, STEVE PEOPLES,/613d03d0c1b84f89a22eda5325148e65,"November 6, 2018"
"Djokovic back at No. 1; replaces Nadal, whose season is over",Television, HOWARD FENDRICH,/500cc7fa20ff421ca929160398facb31,"November 6, 2018"
"Shaquille O’Neal, Ken Jeong team for reality TV comedy pilot",apf-religion,,/8fb72e19972a40c3b00af4a68089060a,"November 6, 2018"
Turn smoked turkey and melty cheddar into an inspired lunch,apf-technology, AMERICA'S TEST KITCHEN,/4e22aa017d524490af8ed2b3dfca13f1,"November 6, 2018"
Cooking and glazing a moist and cured ham? It’s in the bag,Flagstaff, AMERICA'S TEST KITCHEN,/835094e7af61414981259ed69dbb185e,"November 6, 2018"
Pecan pie with a smooth-textured filling and a nice crust,SanFrancisco, AMERICA'S TEST KITCHEN,/8cc18ed5264a4a4593f2fc0714b17782,"November 6, 2018"
A recipe for rolls as good as any from a European bakery,apf-topnews, AMERICA'S TEST KITCHEN,/9e65656745a741cfbff6874df91ffa2d,"November 6, 2018"
Jittery investors await outcome of midterm elections,NicholasDiGaudio, ALEX VEIGA,/45c16428c1ea41a9b7f7e087498d312e,"November 6, 2018"
TVA announces solar installations being built for Facebook,apf-NorthAmerica,,/ff95eb51b23749139a3d44a7a7cfcd4d,"November 6, 2018"
Baked brie with jam or fruit is popular for good reason,StaceyAbrams, AMERICA'S TEST KITCHEN,/f5ef5e4093244136ae34a8d64ca019c8,"November 6, 2018"
COOKING ON DEADLINE: Mushroom Cornbread Stuffing or Dressing,JakeTapper, KATIE WORKMAN,/353b31ae638545ea9caf73c8bd2dc9e5,"November 6, 2018"
Ride-share companies embrace election frenzy,apf-topnews, CATHY BUSSEWITZ,/3a5d05d041724f80971fd7b87161e94e,"November 6, 2018"
Tusk defends actions as former PM at Poland’s pyramid probe,NFL, MONIKA SCISLOWSKA,/129441c097b74e6b894ed0ee251a2c05,"November 6, 2018"
"Despite major success, Kane Brown feels like an outsider",apf-topnews, KRISTIN M. HALL,/45f394ee7c4540d9ba8347ffdedd24a6,"November 6, 2018"
Title,Tag,Author,Storylink,Time
Election Day to test Democratic resistance in Trump era,Nationalelections, STEVE PEOPLES,/c0be062914e048d79f70bcf120e1ccbb,"November 6, 2018"
"WHAT TO WATCH: After turbulent campaign, it’s up to voters",Elections, KEN THOMAS,/221b833b29bd4deb850a4939f9f43442,"November 6, 2018"
Voting officials under scrutiny amid heavy election turnout,apf-NorthAmerica, CHRISTINA A. CASSIDY and COLLEEN LONG,/8af093ef14954d3293fae718c37f3eb3,"November 6, 2018"
"Voters talk immigration, an ‘out-of-control’ Congress, Trump",apf-politics, The Associated Press,/f9bf157473af413c8cd3668e1f98ff62,"November 6, 2018"
10 Things to Know for Today,DonaldTrump, The Associated Press,/9387f7271ed5449988650b4f6f839a60,"November 6, 2018"
Migrants straggle into Mexico City to shelter at stadium,apf-topnews," SONIA PEREZ D., MARK STEVENSON, and MARIA VERZA",/16493cfceee448e299c786dc0a6bedfa,"November 6, 2018"
"Iran officials mock, warn US over renewed sanctions",Nationalelections, NASSER KARIMI and JON GAMBRELL,/80bd3367fa3b4fe1862ea33d4cc75ae2,"November 6, 2018"
Pipe bomb suspect scheduled for Election Day court hearing,Elections,Associated Press,/df205626dd4c4b898512d2a329f28efc,"November 6, 2018"
Facebook blocks 115 accounts ahead of US midterm elections,apf-NorthAmerica, KELVIN CHAN,/19aabf8ba7b6466b859f4d0afd9e59be,"November 6, 2018"
Hannity joins Trump on stage despite claiming he wouldn’t,apf-politics, DAVID BAUDER,/857c5c5879dd4fdfb791d65eeffeb53c,"November 6, 2018"
"The Latest: Election Day storms, wind, could affect turnout",DonaldTrump,,/apf-politics,"November 6, 2018"
Blue wave or red tide? Americans are casting votes to decide,apf-topnews, CLAIRE GALOFARO and MARTHA IRVINE,/TheMissing,"November 6, 2018"
Morning shows for Nov. 2,apf-topnews, The Associated Press,/408de7504f57429497df82a5bd52a35d,"November 6, 2018"
6 arrested in suspected plot to attack French leader Macron,apf-topnews, THOMAS ADAMSON,/705ae08bd6f44012b564b0f37b5ca089,"November 6, 2018"
Russia tightens control of anonymous messenger apps,Voting,,/cbc3caaf28ab4897aa5b55e5fa9f8a25,"November 6, 2018"
Nico Muhly scores with second commission from Met,apf-topnews, MIKE SILVERMAN,/439ea5141a7c4781a5ff5cbf9f4eadde,"November 6, 2018"
Democrat challenges GOP hold on Florida governor’s seat,apf-topnews, BRENDAN FARRINGTON and GARY FINEOUT,/aaf896a2c03944fdb6dcf5cfff092c48,"November 6, 2018"
Utah mayor slain in Afghanistan urged Americans to vote,apf-topnews,,/784b648fe7504a03a66c18797f0a763b,"November 6, 2018"
"Heads of World Bank, IMF say risks of trade tensions growing",apf-topnews,,/263896e7421946b09d7dcf670a15c606,"November 6, 2018"
National voting system faces test on Election Day,apf-topnews, CHRISTINA A. CASSIDY and COLLEEN LONG,/6cf5ddfe9cff4a86aa776754c0cc394f,"November 6, 2018"
"Bruce Springsteen, Seth Meyers headline veterans fundraiser",Weather, MARK KENNEDY,/daf9463f51674d0fb0ed5bf3359404c1,"November 6, 2018"
Chinese ‘gait recognition’ tech IDs people by how they walk,apf-topnews, DAKE KANG,/6fb6de6fdb034b889d301efd12602e21,"November 6, 2018"
Amazon mum on reports it will split new headquarters,apf-entertainment,,/0f400e33a8c24348a0fa3e35eca90003,"November 6, 2018"
"History, Trump and partisan bitterness collide in Georgia",Paris, BILL BARROW and BEN NADLER,/bf75dd1c26c947b7826d270a16e2658a,"November 6, 2018"
"With poo on a pedestal, Bill Gates talks toilet technology",apf-intlnews, MARK SCHIEFELBEIN,/c322a6093b4245f19d89a9b69b8e5f32,"November 6, 2018"
London police arrest 5 men in Grenfell Tower effigy video,Opera,,https://www.daily-journal.com/sports/prep/schweizer-last-weekend-s-bustling-prep-schedule-a-rewarding-one/article_a66d53f0-e16d-11e8-9dc2-3b2ad70e8fe8.html,"November 6, 2018"
World markets turn lower as eyes turn to US midterm election,Tallahassee, ELAINE KURTENBACH,http://www.sentinelandenterprise.com/news/ci_32253702?source=AP,"November 6, 2018"
"Michigan, North Dakota weigh bringing legal pot to Midwest",Afghanistan, JEFF KAROUB,http://www.lowellsun.com/sports/ci_32253724?source=AP,"November 6, 2018"
The Latest: FM says US sanctions are ‘assault’ on Iran,Beijing,,https://www.heraldextra.com/momclick/health-and-fitness/health-and-wellness-column/things-you-can-do-to-lower-risk-of-breast-cancer/article_960223f3-4d89-58f5-b165-1fa2d293e32b.html,"November 6, 2018"
"Fighting grinds on in Yemen, rebels say halting Saudis",apf-topnews, BRIAN ROHAN,http://www.citizensvoice.com/sports/piaa-girls-soccer-round-1-preview-1.2406964,"November 6, 2018"
Asian economies grateful for reprieve on Iran oil imports,apf-Music, TONG-HYUNG KIM,/9381c30f852e457f86961bc2a295158d,"November 6, 2018"
"In Texas, Ted Cruz squares off with rising star O’Rourke",Beijing, WILL WEISSERT,/720d930f6871420882d03eb94468297d,"November 6, 2018"
Fox’s Hannity speaks onstage at Trump campaign rally,apf-topnews, DAVID BAUDER,/8759560ca51442bd8c3405020d9028ed,"November 6, 2018"
"Right up to Armistice Day, US clout in WWI kept increasing",StaceyAbrams, RAF CASERT,/93896a2693684e28a49073bb38db61c1,"November 6, 2018"
"“In a sense, I am on the ticket,” Trump seeks voter support",BillGates," JONATHAN LEMIRE, CATHERINE LUCEY and ZEKE MILLER",https://theconversation.com/theres-more-to-health-care-access-than-pre-existing-conditions-106406,"November 6, 2018"
China grants Trump family 18 trademarks in 2 months,apf-intlnews, ERIKA KINETZ,https://theconversation.com/a-game-plan-for-technology-companies-to-actually-help-save-the-world-105007,"November 6, 2018"
"Toss up the ball, college hoops ready for early start date",Singapore, DOUG FEINBERG,/fc8269d59d084ceab360f2fcd9456ec6,"November 6, 2018"
"Toyota quarterly profit rises on growing sales, cost cuts",Medicalmarijuana, YURI KAGEYAMA,/9460ede8080a4230a9ad512b9d4cc7a8,"November 6, 2018"
"Spain finds 17 dead migrants, 100 survivors in Mediterranean",Turkey, ARITZ PARRA,/445bf3fdf0354721b9dcd994fe0583cf,"November 6, 2018"
Column: NFL is fun again in most surprising twist to season,Houthis, TIM DAHLBERG,/566ec89fbcdb410390b14258b4ed339c,"November 6, 2018"
"Coaches: curious calls, assertions, admonitions in Week 9",Globaltrade, ARNIE STAPLETON,/8457f060af45417db0bb91be5fb8cb8f,"November 6, 2018"
"Mariota recovers, Titans top Cowboys 28-14 in Cooper’s debut",apf-topnews, SCHUYLER DIXON,/20f240baf06742c79de711d7e8580eb9,"November 6, 2018"
Path to power: House races to watch on election night,apf-topnews, LAURIE KELLMAN,/0df2e558f52a4f27822927e6030938e9,"November 6, 2018"
People magazine names Idris Elba 2018′s Sexiest Man Alive,apf-intlnews, JONATHAN LANDRUM Jr.,/a548d15bf67c417383ab8c7135ac3fa8,"November 6, 2018"
Experts warn Puerto Rico at risk amid lack of disaster plan,apf-topnews, DANICA COTO,/0a3283036d2f4e699da4aa3c6dd01727,"November 6, 2018"
"Senators players filmed trashing team, coach while in Uber",apf-intlnews, The Associated Press,/6e7ae7a1dbda4e40bde26a30ff104a34,"November 6, 2018"
"Thunder win fifth straight, lose Westbrook to sprained ankle",Womenscollegebasketball, CLIFF BRUNT,/b5c90b029dac4508aef58ac801350080,"November 6, 2018"
Boyle’s hat trick helps Devils defeat Penguins,Japan, DAN SCIFO,/42a098202a2e444c9ae18cd3ebf14537,"November 6, 2018"
AP Top 25 Heat Check: Big gap between top and bottom half,apf-africa, RALPH D. RUSSO,/0e209ca1a86a4c9a8db390619f1f01ad,"November 6, 2018"
USOC moves to shut down USA Gymnastics after Nassar scandal,BenjaminWatson, EDDIE PELLS,/f97150fd83714759ace40f9d2a2687e8,"November 6, 2018"
"Caravan migrants arrive in Mexico City, bed down in stadium",MattPatricia," SONIA PEREZ D., MARK STEVENSON, and MARIA VERZA",/51eac8cce6864c9cb5ca32c292feb09b,"November 6, 2018"
"US election systems more secure, but voting problems persist",apf-sports, CHRISTINA A. CASSIDY and COLLEEN LONG,/8a7736e607134629b105de87220de2ec,"November 6, 2018"
"Fox, NBC and Facebook turn down Trump ad deemed racist",UnitedStates, DAVID BAUDER,/8394124d9fc0496e93d71050cd9440a0,"November 6, 2018"
Iowa winner claims huge Powerball jackpot,IdrisElba, SCOTT McFETRIDGE,/b1f7501185674871afb9ff12e71f0667,"November 6, 2018"
How ‘net neutrality’ became a hot-button issue,PuertoRico, MAE ANDERSON,/db28d27093d948358eb54577f90476bb,"November 6, 2018"
Title,Tag,Author,Storylink,Time
Election Day to test Democratic resistance in Trump era,Nationalelections, STEVE PEOPLES,/c0be062914e048d79f70bcf120e1ccbb,"November 6, 2018"
"WHAT TO WATCH: After turbulent campaign, it’s up to voters",Elections, KEN THOMAS,/221b833b29bd4deb850a4939f9f43442,"November 6, 2018"
Voting officials under scrutiny amid heavy election turnout,apf-NorthAmerica, CHRISTINA A. CASSIDY and COLLEEN LONG,/8af093ef14954d3293fae718c37f3eb3,"November 6, 2018"
"Voters talk immigration, an ‘out-of-control’ Congress, Trump",apf-politics, The Associated Press,/f9bf157473af413c8cd3668e1f98ff62,"November 6, 2018"
10 Things to Know for Today,DonaldTrump, The Associated Press,/9387f7271ed5449988650b4f6f839a60,"November 6, 2018"
Migrants straggle into Mexico City to shelter at stadium,apf-topnews," SONIA PEREZ D., MARK STEVENSON, and MARIA VERZA",/16493cfceee448e299c786dc0a6bedfa,"November 6, 2018"
"Iran officials mock, warn US over renewed sanctions",Nationalelections, NASSER KARIMI and JON GAMBRELL,/80bd3367fa3b4fe1862ea33d4cc75ae2,"November 6, 2018"
Pipe bomb suspect scheduled for Election Day court hearing,Elections,Associated Press,/df205626dd4c4b898512d2a329f28efc,"November 6, 2018"
Facebook blocks 115 accounts ahead of US midterm elections,apf-NorthAmerica, KELVIN CHAN,/19aabf8ba7b6466b859f4d0afd9e59be,"November 6, 2018"
Hannity joins Trump on stage despite claiming he wouldn’t,apf-politics, DAVID BAUDER,/857c5c5879dd4fdfb791d65eeffeb53c,"November 6, 2018"
"The Latest: Election Day storms, wind, could affect turnout",DonaldTrump,,/apf-politics,"November 6, 2018"
UK PM May: I won’t agree on a Brexit deal ‘at any cost’,apf-topnews,,/TheMissing,"November 6, 2018"
Blue wave or red tide? Americans are casting votes to decide,apf-topnews, CLAIRE GALOFARO and MARTHA IRVINE,/408de7504f57429497df82a5bd52a35d,"November 6, 2018"
Morning shows for Nov. 2,apf-topnews, The Associated Press,/2af0420847114017a2cc9db6d8a898c5,"November 6, 2018"
6 arrested in suspected plot to attack French leader Macron,apf-NorthAmerica, THOMAS ADAMSON,/705ae08bd6f44012b564b0f37b5ca089,"November 6, 2018"
Russia tightens control of anonymous messenger apps,apf-topnews,,/cbc3caaf28ab4897aa5b55e5fa9f8a25,"November 6, 2018"
Nico Muhly scores with second commission from Met,apf-topnews, MIKE SILVERMAN,/439ea5141a7c4781a5ff5cbf9f4eadde,"November 6, 2018"
Democrat challenges GOP hold on Florida governor’s seat,apf-topnews, BRENDAN FARRINGTON and GARY FINEOUT,/aaf896a2c03944fdb6dcf5cfff092c48,"November 6, 2018"
Utah mayor slain in Afghanistan urged Americans to vote,apf-topnews,,/784b648fe7504a03a66c18797f0a763b,"November 6, 2018"
National voting system faces test on Election Day,apf-topnews, CHRISTINA A. CASSIDY and COLLEEN LONG,/263896e7421946b09d7dcf670a15c606,"November 6, 2018"
"Bruce Springsteen, Seth Meyers headline veterans fundraiser",Storms, MARK KENNEDY,/6cf5ddfe9cff4a86aa776754c0cc394f,"November 6, 2018"
Chinese ‘gait recognition’ tech IDs people by how they walk,EuropeanUnion, DAKE KANG,/6fb6de6fdb034b889d301efd12602e21,"November 6, 2018"
Amazon mum on reports it will split new headquarters,apf-topnews,,/0f400e33a8c24348a0fa3e35eca90003,"November 6, 2018"
"History, Trump and partisan bitterness collide in Georgia",apf-entertainment, BILL BARROW and BEN NADLER,/bf75dd1c26c947b7826d270a16e2658a,"November 6, 2018"
"With poo on a pedestal, Bill Gates talks toilet technology",Paris, MARK SCHIEFELBEIN,/c322a6093b4245f19d89a9b69b8e5f32,"November 6, 2018"
London police arrest 5 men in Grenfell Tower effigy video,apf-intlnews,,https://www.cleveland.com/expo/life-and-culture/erry-2018/11/ff3ca4b58b4715/archies-home-of-hough-bakery-r.html,"November 6, 2018"
World markets turn lower as eyes turn to US midterm election,Opera, ELAINE KURTENBACH,https://www.daily-journal.com/sports/prep/schweizer-last-weekend-s-bustling-prep-schedule-a-rewarding-one/article_a66d53f0-e16d-11e8-9dc2-3b2ad70e8fe8.html,"November 6, 2018"
The Latest: FM says US sanctions are ‘assault’ on Iran,Tallahassee,,http://www.sentinelandenterprise.com/news/ci_32253702?source=AP,"November 6, 2018"
"Fighting grinds on in Yemen, rebels say halting Saudis",Afghanistan, BRIAN ROHAN,http://www.lowellsun.com/sports/ci_32253724?source=AP,"November 6, 2018"
Asian economies grateful for reprieve on Iran oil imports,apf-topnews, TONG-HYUNG KIM,https://www.heraldextra.com/momclick/health-and-fitness/health-and-wellness-column/things-you-can-do-to-lower-risk-of-breast-cancer/article_960223f3-4d89-58f5-b165-1fa2d293e32b.html,"November 6, 2018"
"In Texas, Ted Cruz squares off with rising star O’Rourke",apf-Music, WILL WEISSERT,/9381c30f852e457f86961bc2a295158d,"November 6, 2018"
Fox’s Hannity speaks onstage at Trump campaign rally,Beijing, DAVID BAUDER,/720d930f6871420882d03eb94468297d,"November 6, 2018"
"Right up to Armistice Day, US clout in WWI kept increasing",apf-topnews, RAF CASERT,/8759560ca51442bd8c3405020d9028ed,"November 6, 2018"
"“In a sense, I am on the ticket,” Trump seeks voter support",StaceyAbrams," JONATHAN LEMIRE, CATHERINE LUCEY and ZEKE MILLER",/93896a2693684e28a49073bb38db61c1,"November 6, 2018"
China grants Trump family 18 trademarks in 2 months,BillGates, ERIKA KINETZ,https://theconversation.com/theres-more-to-health-care-access-than-pre-existing-conditions-106406,"November 6, 2018"
"Toss up the ball, college hoops ready for early start date",apf-intlnews, DOUG FEINBERG,https://theconversation.com/a-game-plan-for-technology-companies-to-actually-help-save-the-world-105007,"November 6, 2018"
"Toyota quarterly profit rises on growing sales, cost cuts",Singapore, YURI KAGEYAMA,/9460ede8080a4230a9ad512b9d4cc7a8,"November 6, 2018"
"Spain finds 17 dead migrants, 100 survivors in Mediterranean",Turkey, ARITZ PARRA,/445bf3fdf0354721b9dcd994fe0583cf,"November 6, 2018"
Column: NFL is fun again in most surprising twist to season,Houthis, TIM DAHLBERG,/566ec89fbcdb410390b14258b4ed339c,"November 6, 2018"
"Coaches: curious calls, assertions, admonitions in Week 9",Globaltrade, ARNIE STAPLETON,/8457f060af45417db0bb91be5fb8cb8f,"November 6, 2018"
"Mariota recovers, Titans top Cowboys 28-14 in Cooper’s debut",apf-topnews, SCHUYLER DIXON,/20f240baf06742c79de711d7e8580eb9,"November 6, 2018"
Path to power: House races to watch on election night,apf-topnews, LAURIE KELLMAN,/0df2e558f52a4f27822927e6030938e9,"November 6, 2018"
People magazine names Idris Elba 2018′s Sexiest Man Alive,apf-intlnews, JONATHAN LANDRUM Jr.,/a548d15bf67c417383ab8c7135ac3fa8,"November 6, 2018"
Experts warn Puerto Rico at risk amid lack of disaster plan,apf-topnews, DANICA COTO,/0a3283036d2f4e699da4aa3c6dd01727,"November 6, 2018"
"Senators players filmed trashing team, coach while in Uber",apf-intlnews, The Associated Press,/6e7ae7a1dbda4e40bde26a30ff104a34,"November 6, 2018"
"Thunder win fifth straight, lose Westbrook to sprained ankle",Womenscollegebasketball, CLIFF BRUNT,/b5c90b029dac4508aef58ac801350080,"November 6, 2018"
Boyle’s hat trick helps Devils defeat Penguins,Japan, DAN SCIFO,/42a098202a2e444c9ae18cd3ebf14537,"November 6, 2018"
AP Top 25 Heat Check: Big gap between top and bottom half,NorthAfrica, RALPH D. RUSSO,/0e209ca1a86a4c9a8db390619f1f01ad,"November 6, 2018"
USOC moves to shut down USA Gymnastics after Nassar scandal,BenjaminWatson, EDDIE PELLS,/f97150fd83714759ace40f9d2a2687e8,"November 6, 2018"
"Caravan migrants arrive in Mexico City, bed down in stadium",MattPatricia," SONIA PEREZ D., MARK STEVENSON, and MARIA VERZA",/51eac8cce6864c9cb5ca32c292feb09b,"November 6, 2018"
"US election systems more secure, but voting problems persist",apf-sports, CHRISTINA A. CASSIDY and COLLEEN LONG,/8a7736e607134629b105de87220de2ec,"November 6, 2018"
"Fox, NBC and Facebook turn down Trump ad deemed racist",Hiphopandrap, DAVID BAUDER,/8394124d9fc0496e93d71050cd9440a0,"November 6, 2018"
Iowa winner claims huge Powerball jackpot,IdrisElba, SCOTT McFETRIDGE,/b1f7501185674871afb9ff12e71f0667,"November 6, 2018"
How ‘net neutrality’ became a hot-button issue,PuertoRico, MAE ANDERSON,/db28d27093d948358eb54577f90476bb,"November 6, 2018"
Title,Tag,Author,Storylink,Time
Election Day to test Democratic resistance in Trump era,Nationalelections, STEVE PEOPLES,/c0be062914e048d79f70bcf120e1ccbb,"November 6, 2018"
"WHAT TO WATCH: After turbulent campaign, it’s up to voters",Elections, KEN THOMAS,/221b833b29bd4deb850a4939f9f43442,"November 6, 2018"
Voting officials under scrutiny amid heavy election turnout,apf-NorthAmerica, CHRISTINA A. CASSIDY and COLLEEN LONG,/8af093ef14954d3293fae718c37f3eb3,"November 6, 2018"
"Voters talk immigration, an ‘out-of-control’ Congress, Trump",apf-politics, The Associated Press,/f9bf157473af413c8cd3668e1f98ff62,"November 6, 2018"
10 Things to Know for Today,DonaldTrump, The Associated Press,/9387f7271ed5449988650b4f6f839a60,"November 6, 2018"
Migrants straggle into Mexico City to shelter at stadium,apf-topnews," SONIA PEREZ D., MARK STEVENSON, and MARIA VERZA",/16493cfceee448e299c786dc0a6bedfa,"November 6, 2018"
"Iran officials mock, warn US over renewed sanctions",Nationalelections, NASSER KARIMI and JON GAMBRELL,/80bd3367fa3b4fe1862ea33d4cc75ae2,"November 6, 2018"
Pipe bomb suspect scheduled for Election Day court hearing,Elections,Associated Press,/df205626dd4c4b898512d2a329f28efc,"November 6, 2018"
Facebook blocks 115 accounts ahead of US midterm elections,apf-NorthAmerica, KELVIN CHAN,/19aabf8ba7b6466b859f4d0afd9e59be,"November 6, 2018"
Hannity joins Trump on stage despite claiming he wouldn’t,apf-politics, DAVID BAUDER,/857c5c5879dd4fdfb791d65eeffeb53c,"November 6, 2018"
"The Latest: Election Day storms, wind, could affect turnout",DonaldTrump,,/apf-politics,"November 6, 2018"
UK PM May: I won’t agree on a Brexit deal ‘at any cost’,apf-topnews,,/TheMissing,"November 6, 2018"
Blue wave or red tide? Americans are casting votes to decide,apf-topnews, CLAIRE GALOFARO and MARTHA IRVINE,/408de7504f57429497df82a5bd52a35d,"November 6, 2018"
Morning shows for Nov. 2,apf-topnews, The Associated Press,/2af0420847114017a2cc9db6d8a898c5,"November 6, 2018"
6 arrested in suspected plot to attack French leader Macron,apf-NorthAmerica, THOMAS ADAMSON,/705ae08bd6f44012b564b0f37b5ca089,"November 6, 2018"
Russia tightens control of anonymous messenger apps,apf-topnews,,/cbc3caaf28ab4897aa5b55e5fa9f8a25,"November 6, 2018"
Nico Muhly scores with second commission from Met,apf-topnews, MIKE SILVERMAN,/439ea5141a7c4781a5ff5cbf9f4eadde,"November 6, 2018"
Democrat challenges GOP hold on Florida governor’s seat,apf-topnews, BRENDAN FARRINGTON and GARY FINEOUT,/aaf896a2c03944fdb6dcf5cfff092c48,"November 6, 2018"
Utah mayor slain in Afghanistan urged Americans to vote,apf-topnews,,/784b648fe7504a03a66c18797f0a763b,"November 6, 2018"
National voting system faces test on Election Day,apf-topnews, CHRISTINA A. CASSIDY and COLLEEN LONG,/263896e7421946b09d7dcf670a15c606,"November 6, 2018"
"Bruce Springsteen, Seth Meyers headline veterans fundraiser",Storms, MARK KENNEDY,/6cf5ddfe9cff4a86aa776754c0cc394f,"November 6, 2018"
Chinese ‘gait recognition’ tech IDs people by how they walk,EuropeanUnion, DAKE KANG,/6fb6de6fdb034b889d301efd12602e21,"November 6, 2018"
Amazon mum on reports it will split new headquarters,apf-topnews,,/0f400e33a8c24348a0fa3e35eca90003,"November 6, 2018"
"History, Trump and partisan bitterness collide in Georgia",apf-entertainment, BILL BARROW and BEN NADLER,/bf75dd1c26c947b7826d270a16e2658a,"November 6, 2018"
"With poo on a pedestal, Bill Gates talks toilet technology",Paris, MARK SCHIEFELBEIN,/c322a6093b4245f19d89a9b69b8e5f32,"November 6, 2018"
London police arrest 5 men in Grenfell Tower effigy video,apf-intlnews,,https://www.cleveland.com/expo/life-and-culture/erry-2018/11/ff3ca4b58b4715/archies-home-of-hough-bakery-r.html,"November 6, 2018"
World markets turn lower as eyes turn to US midterm election,Opera, ELAINE KURTENBACH,https://www.daily-journal.com/sports/prep/schweizer-last-weekend-s-bustling-prep-schedule-a-rewarding-one/article_a66d53f0-e16d-11e8-9dc2-3b2ad70e8fe8.html,"November 6, 2018"
The Latest: FM says US sanctions are ‘assault’ on Iran,Tallahassee,,http://www.sentinelandenterprise.com/news/ci_32253702?source=AP,"November 6, 2018"
"Fighting grinds on in Yemen, rebels say halting Saudis",Afghanistan, BRIAN ROHAN,http://www.lowellsun.com/sports/ci_32253724?source=AP,"November 6, 2018"
Asian economies grateful for reprieve on Iran oil imports,apf-topnews, TONG-HYUNG KIM,https://www.heraldextra.com/momclick/health-and-fitness/health-and-wellness-column/things-you-can-do-to-lower-risk-of-breast-cancer/article_960223f3-4d89-58f5-b165-1fa2d293e32b.html,"November 6, 2018"
"In Texas, Ted Cruz squares off with rising star O’Rourke",apf-Music, WILL WEISSERT,/9381c30f852e457f86961bc2a295158d,"November 6, 2018"
Fox’s Hannity speaks onstage at Trump campaign rally,Beijing, DAVID BAUDER,/720d930f6871420882d03eb94468297d,"November 6, 2018"
"Right up to Armistice Day, US clout in WWI kept increasing",apf-topnews, RAF CASERT,/8759560ca51442bd8c3405020d9028ed,"November 6, 2018"
"“In a sense, I am on the ticket,” Trump seeks voter support",StaceyAbrams," JONATHAN LEMIRE, CATHERINE LUCEY and ZEKE MILLER",/93896a2693684e28a49073bb38db61c1,"November 6, 2018"
China grants Trump family 18 trademarks in 2 months,BillGates, ERIKA KINETZ,https://theconversation.com/theres-more-to-health-care-access-than-pre-existing-conditions-106406,"November 6, 2018"
"Toss up the ball, college hoops ready for early start date",apf-intlnews, DOUG FEINBERG,https://theconversation.com/a-game-plan-for-technology-companies-to-actually-help-save-the-world-105007,"November 6, 2018"
"Toyota quarterly profit rises on growing sales, cost cuts",Singapore, YURI KAGEYAMA,/9460ede8080a4230a9ad512b9d4cc7a8,"November 6, 2018"
"Spain finds 17 dead migrants, 100 survivors in Mediterranean",Turkey, ARITZ PARRA,/445bf3fdf0354721b9dcd994fe0583cf,"November 6, 2018"
Column: NFL is fun again in most surprising twist to season,Houthis, TIM DAHLBERG,/566ec89fbcdb410390b14258b4ed339c,"November 6, 2018"
"Coaches: curious calls, assertions, admonitions in Week 9",Globaltrade, ARNIE STAPLETON,/8457f060af45417db0bb91be5fb8cb8f,"November 6, 2018"
"Mariota recovers, Titans top Cowboys 28-14 in Cooper’s debut",apf-topnews, SCHUYLER DIXON,/20f240baf06742c79de711d7e8580eb9,"November 6, 2018"
Path to power: House races to watch on election night,apf-topnews, LAURIE KELLMAN,/0df2e558f52a4f27822927e6030938e9,"November 6, 2018"
People magazine names Idris Elba 2018′s Sexiest Man Alive,apf-intlnews, JONATHAN LANDRUM Jr.,/a548d15bf67c417383ab8c7135ac3fa8,"November 6, 2018"
Experts warn Puerto Rico at risk amid lack of disaster plan,apf-topnews, DANICA COTO,/0a3283036d2f4e699da4aa3c6dd01727,"November 6, 2018"
"Senators players filmed trashing team, coach while in Uber",apf-intlnews, The Associated Press,/6e7ae7a1dbda4e40bde26a30ff104a34,"November 6, 2018"
"Thunder win fifth straight, lose Westbrook to sprained ankle",Womenscollegebasketball, CLIFF BRUNT,/b5c90b029dac4508aef58ac801350080,"November 6, 2018"
Boyle’s hat trick helps Devils defeat Penguins,Japan, DAN SCIFO,/42a098202a2e444c9ae18cd3ebf14537,"November 6, 2018"
AP Top 25 Heat Check: Big gap between top and bottom half,NorthAfrica, RALPH D. RUSSO,/0e209ca1a86a4c9a8db390619f1f01ad,"November 6, 2018"
USOC moves to shut down USA Gymnastics after Nassar scandal,BenjaminWatson, EDDIE PELLS,/f97150fd83714759ace40f9d2a2687e8,"November 6, 2018"
"Caravan migrants arrive in Mexico City, bed down in stadium",MattPatricia," SONIA PEREZ D., MARK STEVENSON, and MARIA VERZA",/51eac8cce6864c9cb5ca32c292feb09b,"November 6, 2018"
"US election systems more secure, but voting problems persist",apf-sports, CHRISTINA A. CASSIDY and COLLEEN LONG,/8a7736e607134629b105de87220de2ec,"November 6, 2018"
"Fox, NBC and Facebook turn down Trump ad deemed racist",Hiphopandrap, DAVID BAUDER,/8394124d9fc0496e93d71050cd9440a0,"November 6, 2018"
Iowa winner claims huge Powerball jackpot,IdrisElba, SCOTT McFETRIDGE,/b1f7501185674871afb9ff12e71f0667,"November 6, 2018"
How ‘net neutrality’ became a hot-button issue,PuertoRico, MAE ANDERSON,/db28d27093d948358eb54577f90476bb,"November 6, 2018"
Title,Tag,Author,Storylink,Time
Election Day to test Democratic resistance in Trump era,Nationalelections, STEVE PEOPLES,/c0be062914e048d79f70bcf120e1ccbb,"November 6, 2018"
"WHAT TO WATCH: After turbulent campaign, it’s up to voters",Elections, KEN THOMAS,/221b833b29bd4deb850a4939f9f43442,"November 6, 2018"
Voting officials under scrutiny amid heavy election turnout,apf-NorthAmerica, CHRISTINA A. CASSIDY and COLLEEN LONG,/8af093ef14954d3293fae718c37f3eb3,"November 6, 2018"
"Voters talk immigration, an ‘out-of-control’ Congress, Trump",apf-politics, The Associated Press,/f9bf157473af413c8cd3668e1f98ff62,"November 6, 2018"
10 Things to Know for Today,DonaldTrump, The Associated Press,/9387f7271ed5449988650b4f6f839a60,"November 6, 2018"
Migrants straggle into Mexico City to shelter at stadium,apf-topnews," SONIA PEREZ D., MARK STEVENSON, and MARIA VERZA",/16493cfceee448e299c786dc0a6bedfa,"November 6, 2018"
"Iran officials mock, warn US over renewed sanctions",Nationalelections, NASSER KARIMI and JON GAMBRELL,/80bd3367fa3b4fe1862ea33d4cc75ae2,"November 6, 2018"
Pipe bomb suspect scheduled for Election Day court hearing,Elections,Associated Press,/df205626dd4c4b898512d2a329f28efc,"November 6, 2018"
Facebook blocks 115 accounts ahead of US midterm elections,apf-NorthAmerica, KELVIN CHAN,/19aabf8ba7b6466b859f4d0afd9e59be,"November 6, 2018"
Hannity joins Trump on stage despite claiming he wouldn’t,apf-politics, DAVID BAUDER,/857c5c5879dd4fdfb791d65eeffeb53c,"November 6, 2018"
"The Latest: Election Day storms, wind, could affect turnout",DonaldTrump,,/apf-politics,"November 6, 2018"
UK PM May: I won’t agree on a Brexit deal ‘at any cost’,apf-topnews,,/TheMissing,"November 6, 2018"
Blue wave or red tide? Americans are casting votes to decide,apf-topnews, CLAIRE GALOFARO and MARTHA IRVINE,/408de7504f57429497df82a5bd52a35d,"November 6, 2018"
Morning shows for Nov. 2,apf-topnews, The Associated Press,/2af0420847114017a2cc9db6d8a898c5,"November 6, 2018"
6 arrested in suspected plot to attack French leader Macron,apf-NorthAmerica, THOMAS ADAMSON,/705ae08bd6f44012b564b0f37b5ca089,"November 6, 2018"
Russia tightens control of anonymous messenger apps,apf-topnews,,/cbc3caaf28ab4897aa5b55e5fa9f8a25,"November 6, 2018"
Nico Muhly scores with second commission from Met,apf-topnews, MIKE SILVERMAN,/439ea5141a7c4781a5ff5cbf9f4eadde,"November 6, 2018"
Democrat challenges GOP hold on Florida governor’s seat,apf-topnews, BRENDAN FARRINGTON and GARY FINEOUT,/aaf896a2c03944fdb6dcf5cfff092c48,"November 6, 2018"
Utah mayor slain in Afghanistan urged Americans to vote,apf-topnews,,/784b648fe7504a03a66c18797f0a763b,"November 6, 2018"
National voting system faces test on Election Day,apf-topnews, CHRISTINA A. CASSIDY and COLLEEN LONG,/263896e7421946b09d7dcf670a15c606,"November 6, 2018"
"Bruce Springsteen, Seth Meyers headline veterans fundraiser",Storms, MARK KENNEDY,/6cf5ddfe9cff4a86aa776754c0cc394f,"November 6, 2018"
Chinese ‘gait recognition’ tech IDs people by how they walk,EuropeanUnion, DAKE KANG,/6fb6de6fdb034b889d301efd12602e21,"November 6, 2018"
Amazon mum on reports it will split new headquarters,apf-topnews,,/0f400e33a8c24348a0fa3e35eca90003,"November 6, 2018"
"History, Trump and partisan bitterness collide in Georgia",apf-entertainment, BILL BARROW and BEN NADLER,/bf75dd1c26c947b7826d270a16e2658a,"November 6, 2018"
"With poo on a pedestal, Bill Gates talks toilet technology",Paris, MARK SCHIEFELBEIN,/c322a6093b4245f19d89a9b69b8e5f32,"November 6, 2018"
London police arrest 5 men in Grenfell Tower effigy video,apf-intlnews,,https://www.cleveland.com/expo/life-and-culture/erry-2018/11/ff3ca4b58b4715/archies-home-of-hough-bakery-r.html,"November 6, 2018"
World markets turn lower as eyes turn to US midterm election,Opera, ELAINE KURTENBACH,https://www.daily-journal.com/sports/prep/schweizer-last-weekend-s-bustling-prep-schedule-a-rewarding-one/article_a66d53f0-e16d-11e8-9dc2-3b2ad70e8fe8.html,"November 6, 2018"
The Latest: FM says US sanctions are ‘assault’ on Iran,Tallahassee,,http://www.sentinelandenterprise.com/news/ci_32253702?source=AP,"November 6, 2018"
"Fighting grinds on in Yemen, rebels say halting Saudis",Afghanistan, BRIAN ROHAN,http://www.lowellsun.com/sports/ci_32253724?source=AP,"November 6, 2018"
Asian economies grateful for reprieve on Iran oil imports,apf-topnews, TONG-HYUNG KIM,https://www.heraldextra.com/momclick/health-and-fitness/health-and-wellness-column/things-you-can-do-to-lower-risk-of-breast-cancer/article_960223f3-4d89-58f5-b165-1fa2d293e32b.html,"November 6, 2018"
"In Texas, Ted Cruz squares off with rising star O’Rourke",apf-Music, WILL WEISSERT,/9381c30f852e457f86961bc2a295158d,"November 6, 2018"
Fox’s Hannity speaks onstage at Trump campaign rally,Beijing, DAVID BAUDER,/720d930f6871420882d03eb94468297d,"November 6, 2018"
"Right up to Armistice Day, US clout in WWI kept increasing",apf-topnews, RAF CASERT,/8759560ca51442bd8c3405020d9028ed,"November 6, 2018"
"“In a sense, I am on the ticket,” Trump seeks voter support",StaceyAbrams," JONATHAN LEMIRE, CATHERINE LUCEY and ZEKE MILLER",/93896a2693684e28a49073bb38db61c1,"November 6, 2018"
China grants Trump family 18 trademarks in 2 months,BillGates, ERIKA KINETZ,https://theconversation.com/theres-more-to-health-care-access-than-pre-existing-conditions-106406,"November 6, 2018"
"Toss up the ball, college hoops ready for early start date",apf-intlnews, DOUG FEINBERG,https://theconversation.com/a-game-plan-for-technology-companies-to-actually-help-save-the-world-105007,"November 6, 2018"
"Toyota quarterly profit rises on growing sales, cost cuts",Singapore, YURI KAGEYAMA,/9460ede8080a4230a9ad512b9d4cc7a8,"November 6, 2018"
"Spain finds 17 dead migrants, 100 survivors in Mediterranean",Turkey, ARITZ PARRA,/445bf3fdf0354721b9dcd994fe0583cf,"November 6, 2018"
Column: NFL is fun again in most surprising twist to season,Houthis, TIM DAHLBERG,/566ec89fbcdb410390b14258b4ed339c,"November 6, 2018"
"Coaches: curious calls, assertions, admonitions in Week 9",Globaltrade, ARNIE STAPLETON,/8457f060af45417db0bb91be5fb8cb8f,"November 6, 2018"
"Mariota recovers, Titans top Cowboys 28-14 in Cooper’s debut",apf-topnews, SCHUYLER DIXON,/20f240baf06742c79de711d7e8580eb9,"November 6, 2018"
Path to power: House races to watch on election night,apf-topnews, LAURIE KELLMAN,/0df2e558f52a4f27822927e6030938e9,"November 6, 2018"
People magazine names Idris Elba 2018′s Sexiest Man Alive,apf-intlnews, JONATHAN LANDRUM Jr.,/a548d15bf67c417383ab8c7135ac3fa8,"November 6, 2018"
Experts warn Puerto Rico at risk amid lack of disaster plan,apf-topnews, DANICA COTO,/0a3283036d2f4e699da4aa3c6dd01727,"November 6, 2018"
"Senators players filmed trashing team, coach while in Uber",apf-intlnews, The Associated Press,/6e7ae7a1dbda4e40bde26a30ff104a34,"November 6, 2018"
"Thunder win fifth straight, lose Westbrook to sprained ankle",Womenscollegebasketball, CLIFF BRUNT,/b5c90b029dac4508aef58ac801350080,"November 6, 2018"
Boyle’s hat trick helps Devils defeat Penguins,Japan, DAN SCIFO,/42a098202a2e444c9ae18cd3ebf14537,"November 6, 2018"
AP Top 25 Heat Check: Big gap between top and bottom half,NorthAfrica, RALPH D. RUSSO,/0e209ca1a86a4c9a8db390619f1f01ad,"November 6, 2018"
USOC moves to shut down USA Gymnastics after Nassar scandal,BenjaminWatson, EDDIE PELLS,/f97150fd83714759ace40f9d2a2687e8,"November 6, 2018"
"Caravan migrants arrive in Mexico City, bed down in stadium",MattPatricia," SONIA PEREZ D., MARK STEVENSON, and MARIA VERZA",/51eac8cce6864c9cb5ca32c292feb09b,"November 6, 2018"
"US election systems more secure, but voting problems persist",apf-sports, CHRISTINA A. CASSIDY and COLLEEN LONG,/8a7736e607134629b105de87220de2ec,"November 6, 2018"
"Fox, NBC and Facebook turn down Trump ad deemed racist",Hiphopandrap, DAVID BAUDER,/8394124d9fc0496e93d71050cd9440a0,"November 6, 2018"
Iowa winner claims huge Powerball jackpot,IdrisElba, SCOTT McFETRIDGE,/b1f7501185674871afb9ff12e71f0667,"November 6, 2018"
How ‘net neutrality’ became a hot-button issue,PuertoRico, MAE ANDERSON,/db28d27093d948358eb54577f90476bb,"November 6, 2018"
Title,Tag,Author,Storylink,Time
"Dems on track to take House control, but GOP retains Senate",Raceandethnicity, STEVE PEOPLES,/c0be062914e048d79f70bcf120e1ccbb,"November 7, 2018"
Democrats appear close to taking back control of the House,Immigration, LISA MASCARO,/589730d4b6834a0db0b588f25356f33a,"November 7, 2018"
Trump frames midterms as ‘tremendous success’,apf-NorthAmerica, CATHERINE LUCEY and JONATHAN LEMIRE,/a548d15bf67c417383ab8c7135ac3fa8,"November 7, 2018"
"GOP, Democrats splitting governor’s races in key states",Elections, DAVID A. LIEB,/9e06ae1d2f1b4571b2dd717ed0e311b5,"November 7, 2018"
"GOP keeps Senate control for 2 more years, triumph for Trump",apf-politics, ALAN FRAM,/f2fa853a75594a02bfc586999b7fd23f,"November 7, 2018"
GOP’s DeSantis defeats Gillum in Florida governor’s race,DonaldTrump, BRENDAN FARRINGTON and GARY FINEOUT,/263896e7421946b09d7dcf670a15c606,"November 7, 2018"
AP VoteCast: Trump a dominant force on voters’ minds,apf-topnews, ZEKE MILLER,/c70031fe8d92403faf2056abf7752fd1,"November 7, 2018"
Georgia’s Kemp big in small towns; Abrams awaits metro votes,Raceandethnicity, BILL BARROW and BEN NADLER,/9381c30f852e457f86961bc2a295158d,"November 7, 2018"
"As much of America votes, some chose not to or couldn’t",Immigration, DAVID GOLDMAN,/68abbafdd9094ee982569a625f98657e,"November 7, 2018"
Massachusetts voters protect transgender rights,apf-NorthAmerica, DAVID CRARY,/65d228dee0144700b0d35dc62932fc1d,"November 7, 2018"
The Latest: GOP Rep. King wins 9th term in Iowa,Elections,,/apf-politics,"November 7, 2018"
The Latest: Women elected to House in record numbers,apf-politics,,/TheMissing,"November 7, 2018"
"Out of many, several firsts elected across country",DonaldTrump, ERRIN HAINES WHACK,/e1d57cce04e04a01ad7044a1e6c50f9a,"November 7, 2018"
O’Rourke drops f-bomb on live TV during concession to Cruz,apf-topnews,,/408de7504f57429497df82a5bd52a35d,"November 7, 2018"
Fantastic freshmen help No. 4 Duke blow out No. 2 Kentucky,apf-topnews, MICHAEL  MAROT,/e93e2ea6edd144f3bafec6907b14d3f4,"November 7, 2018"
Asian shares rise as US midterm elections yield mixed result,Arizona,,/6aa656d62d834468a15c5a86e59be651,"November 7, 2018"
"Migrants weigh whether to stay in Mexico, resume trek to US",apf-topnews, MARIA VERZA and AMY GUTHRIE,/9e78d8e98cb4408995d94cf7294155f8,"November 7, 2018"
Cuban dancers return to island that once spurned them,apf-topnews, ANDREA RODRIGUEZ,/d320a0c9c2fc4085a9b49df2ad80f2d3,"November 7, 2018"
The Latest: Republican Hawley defeats Democrat McCaskill,apf-topnews,,/ef51e12b444c45e8b06dfc669d886bdd,"November 7, 2018"
"Midterm coverage a roller-coaster, maybe to expected result",StaceyAbrams, DAVID BAUDER,/2f36dba937284519abd2425492308404,"November 7, 2018"
No. 1 Kansas holds off No. 10 Michigan State 92-87 in opener,apf-topnews, MICHAEL MAROT,/52d37c99075d4d8e9af1f76c044d8132,"November 7, 2018"
Giants hire Farhan Zaidi away from Dodgers,apf-topnews, JANIE McCAULEY,/32ab814e0f9940eda8d6f7cfeb277e24,"November 7, 2018"
"Michigan up to 4th in CFP behind Alabama, Clemson, ND",apf-Baseball, RALPH D. RUSSO,/61c62c9c104a49d6b302eb2932388496,"November 7, 2018"
"Teams, agents wonder whether slow market will repeat",apf-topnews, RONALD BLUM,/44821b21225a4b4dac119a91837a7690,"November 7, 2018"
Rizzo: Nats made offer to Bryce Harper late in season,apf-topnews, JAY PARIS,http://www.spokesman.com/stories/2018/nov/06/kuney-leads-chase-for-seat-on-spokane-county-commi/,"November 7, 2018"
Broken machines to threats of violence among voting problems,BrianWilliams, The Associated Press,http://www.herald-dispatch.com/school-of-medicine-to-host-paul-ambrose-health-policy-forum/article_31c2eb6d-7002-5270-80cc-d0fbe8c8e250.html,"November 7, 2018"
PHOTOS: America awaits the results of the 2018 midterm election,ReidTravis, DAN GELSTON,https://columbustelegram.com/sports/huskers/football/ex-husker-quarterback-bush-strives-to-make-saturday-feel-like/article_a4d0d9df-aadf-5cc2-bb3a-e691fcd01ada.html,"November 7, 2018"
Villanova rolls in first game at new-look Pavillion,HongKong, ERIKA KINETZ,https://columbustelegram.com/news/national/govt-and-politics/latest-election-results-networks-predict-democrat-takeover-of-house-gop/article_0e7a5562-479f-5c3b-8fa6-921fd8a706b6.html,"November 7, 2018"
"China grants 18 trademarks in 2 months to Trump, daughter",Mexico, The Associated Press,http://www.startribune.com/politics/elections/499704591.html,"November 7, 2018"
PHOTOS: America votes on Election Day,Ballet,,/5dc352c806d342eea42a48854c1848f6,"November 7, 2018"
Trump is all the talk among voters as Americans cast ballots,Senateelections, CLAIRE GALOFARO,/cb4a3d6d1f4145c8897fff9f3d59c986,"November 7, 2018"
Susan B. Anthony’s grave decorated with ‘I Voted’ stickers,JakeTapper, LYNN ELBER,/a3837467f1144df1b1f5ea1a52f0bfde,"November 7, 2018"
Voters pack the polls in a crucial test of Trump’s tenure,Michigan, JAY COHEN,/3b8fac656c7f446ca95542d599e2f2c0,"November 7, 2018"
Pro and college football games dominate the TV ratings,MLB," JOSEPH PISANI, DAVID KLEPPER and ALAN SUDERMAN",/afs:Content:2424816586,"November 7, 2018"
Blackhawks fire 3-time Stanley Cup-winning coach Quenneville,Georgia, BARBARA ORTUTAY,/3b4bde2bd0884042a1bf6758a5817563,"November 7, 2018"
"Amazon considers New York, Virginia amid reports of HQ split",MLB,,/0a3283036d2f4e699da4aa3c6dd01727,"November 7, 2018"
Facebook admits not doing enough to prevent Myanmar violence,MLB, KELVIN CHAN and BARBARA ORTUTAY,/afs:Content:2420555508,"November 7, 2018"
Utah mayor’s widow: ‘Fitting’ his body in US on Election Day,Georgia,,/f9bf157473af413c8cd3668e1f98ff62,"November 7, 2018"
Facebook blocks 115 accounts ahead of US midterm elections,apf-politics, NASSER KARIMI and JON GAMBRELL,/2da207fdd9e046b4a7e3958d1298b99d,"November 7, 2018"
Italy working to help Pakistani Christian in blasphemy case,JayWright, GARY GERARD HAMILTON,/705ae08bd6f44012b564b0f37b5ca089,"November 7, 2018"
"Closed bank, mothballed planes: Iran mocks US sanctions list",apf-intlnews, JOHN CARUCCI,/ecf0972a2c5046ccb5c1e2ec5d74c904,"November 7, 2018"
Eat your heart out at the Pizza Museum,apf-politics,,/08dabf5752eb439083234d0d065939df,"November 7, 2018"
Elton John remembers Aretha Franklin at his annual AIDS gala,apf-topnews, DAVID BAUDER,/c322a6093b4245f19d89a9b69b8e5f32,"November 7, 2018"
Macedonia pledges action after girl drowns fleeing dog pack,HillaryClinton,,/fd69824d9e68465781a9d859bf35bc5d,"November 7, 2018"
Fox News doesn’t condone Hannity appearance with Trump,apf-topnews, THOMAS ADAMSON,/6cf5ddfe9cff4a86aa776754c0cc394f,"November 7, 2018"
Russia reports computer bug on International Space Station,apf-entertainment, JAMEY KEATEN and YANAN WANG,/19aabf8ba7b6466b859f4d0afd9e59be,"November 7, 2018"
6 arrested in suspected plot to attack French leader Macron,Chicago, PAN PYLAS,/d1a640e9ccda49468acad65e87bc12fa,"November 7, 2018"
China dismisses criticism about mass detentions at UN,apf-topnews, MARCIA DUNN,/80bd3367fa3b4fe1862ea33d4cc75ae2,"November 7, 2018"
China to overtake France as top travel destination by 2030,Raceandethnicity,,/955f3928b469488ea7424d253423d2bf,"November 7, 2018"
NASA’s Parker spacecraft makes 1st close approach to sun,Afghanistan,,/6895d436d70841b0853a119ee544fe24,"November 7, 2018"
Spain and Russia agree to set up joint cybersecurity group,apf-topnews,,/766046e998f34c59bb583798fc04d8e1,"November 7, 2018"
Woman tries to drive away with North Dakota squad car,Pakistan, DANICA KIRKA,/0ce6743962c0414189ebd8b149bf529a,"November 7, 2018"
Title,Tag,Author,Storylink,Time
"Democrats seize House control, but Trump’s GOP holds Senate",Raceandethnicity, STEVE PEOPLES and JILL COLVIN,/c0be062914e048d79f70bcf120e1ccbb,"November 7, 2018"
"Despite House loss, Trump still sees midterms success",apf-politics, CATHERINE LUCEY and JONATHAN LEMIRE,/a548d15bf67c417383ab8c7135ac3fa8,"November 7, 2018"
"How Trump’s energy, excesses drove GOP’s erratic campaign",apf-NorthAmerica," JULIE PACE, LISA MASCARO and ZEKE MILLER",/25190aca31cf4756944d4269832f724f,"November 7, 2018"
"GOP keeps Senate control for 2 more years, triumph for Trump",Immigration, ALAN FRAM,/f2fa853a75594a02bfc586999b7fd23f,"November 7, 2018"
"Democrats retake the House, setting up divided government",Elections, LISA MASCARO,/589730d4b6834a0db0b588f25356f33a,"November 7, 2018"
"Democrats gain governors’ seats, but GOP holds some states",DonaldTrump, DAVID A. LIEB,/9e06ae1d2f1b4571b2dd717ed0e311b5,"November 7, 2018"
GOP’s DeSantis defeats Gillum in Florida governor’s race,apf-topnews, BRENDAN FARRINGTON and GARY FINEOUT,/263896e7421946b09d7dcf670a15c606,"November 7, 2018"
AP VoteCast: Trump a dominant force on voters’ minds,Raceandethnicity, ZEKE MILLER,/c70031fe8d92403faf2056abf7752fd1,"November 7, 2018"
"AP voter poll shows focus on Trump, immigration, health care",apf-politics, MARY CLARE JALONICK,/222fd1571d744aec903604542eb11b70,"November 7, 2018"
Clerk jailed over marriage licenses loses re-election bid,apf-NorthAmerica, BRUCE SCHREINER,/0ebc64933444438b828c2bba7d91c401,"November 7, 2018"
False explosives alarms halt trains in Madrid and Barcelona,Immigration, ARITZ PARRA and RENATA BRITO,/apf-politics,"November 7, 2018"
Democratic House victory could echo from Moscow to Riyadh,Elections, TIM SULLIVAN,/TheMissing,"November 7, 2018"
The Latest: Kremlin sees little chance of better US ties,DonaldTrump,,/484b55e539924b80813300ad7f7af3aa,"November 7, 2018"
Pompeo meeting with North Korean envoy delayed,apf-topnews, HYUNG-JIN KIM,/a33be353f3e54b0585c502dd019ad5da,"November 7, 2018"
Australia to block Chinese $9 billion energy takeover bid,apf-topnews, ROD McGUIRK,/2e3b99f5f6ce497facb3e1eedd4a1a37,"November 7, 2018"
Global shares waver as US midterm vote yields mixed outcome,apf-topnews, YURI KAGEYAMA,/5cb7e6fd6e97457db336564d3461b7f5,"November 7, 2018"
"79 kidnapped Cameroon students freed, says church official",DonaldTrump, EDWIN KINDZEKA MOKI,/dd2e8d76ac4a4aa184fabb8b0823f33a,"November 7, 2018"
Heathrow travelers warned of delays after lighting issues,apf-topnews,,/d320a0c9c2fc4085a9b49df2ad80f2d3,"November 7, 2018"
"Abrams, Kemp await more ballots in Georgia governor’s race",apf-topnews, BILL BARROW and BEN NADLER,/edd1363688524e76843e886c6ffce0aa,"November 7, 2018"
AP Analysis: Trump is the fault line of widening divide,apf-topnews, JULIE PACE,/49b3325e526c4586a335855291ca2ba2,"November 7, 2018"
"Takeaways: A split decision for Trump, Democrats",apf-topnews, KEN THOMAS,/9381c30f852e457f86961bc2a295158d,"November 7, 2018"
BMW earnings fall amid market turmoil over emissions tests,apf-topnews, DAVID McHUGH,/3dacb36df89c4680938405fbf6a3bda9,"November 7, 2018"
PHOTOS: Election Day in America,apf-intlnews,,/821554d2bc2d45cd8371edc8acbf6c58,"November 7, 2018"
Malaysia court to resume Kim Jong Nam murder trial on Jan. 7,Beijing,,/f20877b051e54e4abb3ed23706f4a9cb,"November 7, 2018"
Trial for acclaimed theater director opens in Russia,apf-intlnews, JUANA SUMMERS and GEOFF MULVIHILL,/afs:Content:2424816586,"November 7, 2018"
Divisive Trump era ushers record number of women into House,Seoul, ERRIN HAINES WHACK,http://www.spokesman.com/stories/2018/nov/06/kuney-leads-chase-for-seat-on-spokane-county-commi/,"November 7, 2018"
Political pioneers: Voters elect trailblazing candidates,APAGroup,,https://www.havasunews.com/opinion/chicago-tribune-why-the-economy-looks-so-bright/article_d7f1e512-e253-11e8-99b6-9348d1477e00.html,"November 7, 2018"
The Latest: Abrams vows to wait for all the votes in Georgia,Globaltrade, DAVID CRARY,https://www.havasunews.com/opinion/kayla-stutler-lack-of-pediatric-care-in-havasu/article_87ec4960-e18e-11e8-99bf-234a091485bc.html,"November 7, 2018"
Massachusetts backs transgender rights; Michigan OKs pot use,apf-intlnews, WILL WEISSERT,https://www.newstimes.com/opinion/article/John-M-Murphy-Mission-Health-Day-Collective-13368387.php,"November 7, 2018"
Cruz fends off O’Rourke in Texas Senate race,apf-europe, The Associated Press,http://www.citizensvoice.com/news/meuser-defeats-wolff-for-9th-congressional-district-1.2407525,"November 7, 2018"
Broken machines to threats of violence among voting problems,StaceyAbrams, DAVID BAUDER,/1e5794bdbde4410da5d20324d964de4d,"November 7, 2018"
"Midterm coverage a roller-coaster, maybe to expected result",DonaldTrump, MICHAEL MAROT,/fe47717e99c644dcba3584bb47ad7442,"November 7, 2018"
Fantastic freshmen help No. 4 Duke blow out No. 2 Kentucky,RonDeSantis,,/e88c914572824a9dadd4d080a459f6cb,"November 7, 2018"
O’Rourke drops f-bomb on live TV during concession to Cruz,EuropeanUnion, MARIA VERZA and AMY GUTHRIE,/e93e2ea6edd144f3bafec6907b14d3f4,"November 7, 2018"
"Migrants weigh whether to stay in Mexico, resume trek to US",apf-politics, ANDREA RODRIGUEZ,/408de7504f57429497df82a5bd52a35d,"November 7, 2018"
Cuban dancers return to island that once spurned them,DoanThiHuong, MICHAEL MAROT,/65d228dee0144700b0d35dc62932fc1d,"November 7, 2018"
No. 1 Kansas holds off No. 10 Michigan State 92-87 in opener,Theater, JANIE McCAULEY,/8457f060af45417db0bb91be5fb8cb8f,"November 7, 2018"
Giants hire Farhan Zaidi away from Dodgers,apf-topnews, RALPH D. RUSSO,/3b8fac656c7f446ca95542d599e2f2c0,"November 7, 2018"
"Michigan up to 4th in CFP behind Alabama, Clemson, ND",apf-topnews, RONALD BLUM,/32ab814e0f9940eda8d6f7cfeb277e24,"November 7, 2018"
"Teams, agents wonder whether slow market will repeat",StaceyAbrams, JAY PARIS,/9e78d8e98cb4408995d94cf7294155f8,"November 7, 2018"
Rizzo: Nats made offer to Bryce Harper late in season,apf-topnews, DAN GELSTON,/6aa656d62d834468a15c5a86e59be651,"November 7, 2018"
Villanova rolls in first game at new-look Pavillion,Houston, ERIKA KINETZ,/ef51e12b444c45e8b06dfc669d886bdd,"November 7, 2018"
"China grants 18 trademarks in 2 months to Trump, daughter",Georgia, The Associated Press,/2f36dba937284519abd2425492308404,"November 7, 2018"
PHOTOS: America votes on Election Day,JakeTapper,,/61c62c9c104a49d6b302eb2932388496,"November 7, 2018"
Trump is all the talk among voters as Americans cast ballots,Indianapolis, CLAIRE GALOFARO,/44821b21225a4b4dac119a91837a7690,"November 7, 2018"
Susan B. Anthony’s grave decorated with ‘I Voted’ stickers,BrianWilliams, LYNN ELBER,/5dc352c806d342eea42a48854c1848f6,"November 7, 2018"
Voters pack the polls in a crucial test of Trump’s tenure,Mexico, JAY COHEN,/cb4a3d6d1f4145c8897fff9f3d59c986,"November 7, 2018"
Pro and college football games dominate the TV ratings,Ballet," JOSEPH PISANI, DAVID KLEPPER and ALAN SUDERMAN",/a3837467f1144df1b1f5ea1a52f0bfde,"November 7, 2018"
Blackhawks fire 3-time Stanley Cup-winning coach Quenneville,Michigan, BARBARA ORTUTAY,/3b4bde2bd0884042a1bf6758a5817563,"November 7, 2018"
"Amazon considers New York, Virginia amid reports of HQ split",MLB,,/0a3283036d2f4e699da4aa3c6dd01727,"November 7, 2018"
Facebook admits not doing enough to prevent Myanmar violence,Georgia, KELVIN CHAN and BARBARA ORTUTAY,/afs:Content:2420555508,"November 7, 2018"
Utah mayor’s widow: ‘Fitting’ his body in US on Election Day,MLB,,/f9bf157473af413c8cd3668e1f98ff62,"November 7, 2018"
Title,Tag,Author,Storylink,Time
"Democrats seize House control, but Trump’s GOP holds Senate",Raceandethnicity, STEVE PEOPLES and JILL COLVIN,/c0be062914e048d79f70bcf120e1ccbb,"November 7, 2018"
"Democrats retake the House, setting up divided government",Immigration, LISA MASCARO,/589730d4b6834a0db0b588f25356f33a,"November 7, 2018"
AP Analysis: Trump is the fault line of widening divide,apf-NorthAmerica, JULIE PACE,/3dacb36df89c4680938405fbf6a3bda9,"November 7, 2018"
"How Trump’s energy, excesses drove GOP’s erratic campaign",Elections," JULIE PACE, LISA MASCARO and ZEKE MILLER",/25190aca31cf4756944d4269832f724f,"November 7, 2018"
"Despite House loss, Trump still sees midterms success",apf-politics, CATHERINE LUCEY and JONATHAN LEMIRE,/a548d15bf67c417383ab8c7135ac3fa8,"November 7, 2018"
"GOP keeps Senate control for 2 more years, triumph for Trump",DonaldTrump, ALAN FRAM,/f2fa853a75594a02bfc586999b7fd23f,"November 7, 2018"
Democratic House victory could echo from Moscow to Riyadh,apf-topnews, TIM SULLIVAN,/a33be353f3e54b0585c502dd019ad5da,"November 7, 2018"
"79 kidnapped Cameroon students freed, says church official",Raceandethnicity, EDWIN KINDZEKA MOKI,/edd1363688524e76843e886c6ffce0aa,"November 7, 2018"
"Abrams, Kemp await more ballots in Georgia governor’s race",Immigration, BILL BARROW and BEN NADLER,/28e4e4d89f914c0faf909071e61526e3,"November 7, 2018"
"Takeaways: A split decision for Trump, Democrats",apf-NorthAmerica, KEN THOMAS,/821554d2bc2d45cd8371edc8acbf6c58,"November 7, 2018"
Facebook blocks more accounts as it fights US vote meddling,Elections,,/apf-politics,"November 7, 2018"
"China’s reserves fall, suggesting Beijing propping up yuan",apf-politics,,/TheMissing,"November 7, 2018"
Markets Right Now: Dollar slides amid US gridlock concerns,DonaldTrump,,/cef6deffd9a743cca013f1b6601f1aa4,"November 7, 2018"
The Latest: Kremlin sees little chance of better US ties,apf-topnews,,/50add7ac30fa40d6abdac5fe24896178,"November 7, 2018"
Pompeo meeting with North Korean envoy delayed,DonaldTrump, HYUNG-JIN KIM,/68146c2027c246ebaa2366e94c22c203,"November 7, 2018"
Global shares waver as US midterm vote yields mixed outcome,apf-topnews, YURI KAGEYAMA,/2e3b99f5f6ce497facb3e1eedd4a1a37,"November 7, 2018"
"Democrats gain governors’ seats, but GOP holds some states",apf-topnews, DAVID A. LIEB,/5cb7e6fd6e97457db336564d3461b7f5,"November 7, 2018"
Heathrow travelers warned of delays after lighting issues,apf-topnews,,/d320a0c9c2fc4085a9b49df2ad80f2d3,"November 7, 2018"
"Abrams, Kemp await more ballots in Georgia governor’s race",Beijing, BILL BARROW and BEN NADLER,/9e06ae1d2f1b4571b2dd717ed0e311b5,"November 7, 2018"
BMW earnings fall amid market turmoil over emissions tests,apf-intlnews, DAVID McHUGH,/49b3325e526c4586a335855291ca2ba2,"November 7, 2018"
PHOTOS: Election Day in America,StaceyAbrams,,/9381c30f852e457f86961bc2a295158d,"November 7, 2018"
Malaysia court to resume Kim Jong Nam murder trial on Jan. 7,apf-topnews,,/f20877b051e54e4abb3ed23706f4a9cb,"November 7, 2018"
Trial for acclaimed theater director opens in Russia,apf-intlnews, JUANA SUMMERS and GEOFF MULVIHILL,/afs:Content:2424816586,"November 7, 2018"
Divisive Trump era ushers record number of women into House,Financialmarkets, ERRIN HAINES WHACK,/1e5794bdbde4410da5d20324d964de4d,"November 7, 2018"
Political pioneers: Voters elect trailblazing candidates,Globaltrade,,http://www.spokesman.com/stories/2018/nov/06/kuney-leads-chase-for-seat-on-spokane-county-commi/,"November 7, 2018"
The Latest: Abrams vows to wait for all the votes in Georgia,apf-intlnews, DAVID CRARY,https://www.havasunews.com/opinion/chicago-tribune-why-the-economy-looks-so-bright/article_d7f1e512-e253-11e8-99b6-9348d1477e00.html,"November 7, 2018"
Massachusetts backs transgender rights; Michigan OKs pot use,Seoul, WILL WEISSERT,https://www.havasunews.com/opinion/kayla-stutler-lack-of-pediatric-care-in-havasu/article_87ec4960-e18e-11e8-99bf-234a091485bc.html,"November 7, 2018"
Cruz fends off O’Rourke in Texas Senate race,Globaltrade, The Associated Press,https://www.newstimes.com/opinion/article/John-M-Murphy-Mission-Health-Day-Collective-13368387.php,"November 7, 2018"
Broken machines to threats of violence among voting problems,apf-topnews, DAVID BAUDER,http://www.citizensvoice.com/news/meuser-defeats-wolff-for-9th-congressional-district-1.2407525,"November 7, 2018"
"Midterm coverage a roller-coaster, maybe to expected result",apf-europe, MICHAEL MAROT,/fe47717e99c644dcba3584bb47ad7442,"November 7, 2018"
Fantastic freshmen help No. 4 Duke blow out No. 2 Kentucky,StaceyAbrams,,/e88c914572824a9dadd4d080a459f6cb,"November 7, 2018"
O’Rourke drops f-bomb on live TV during concession to Cruz,EuropeanUnion, BRENDAN FARRINGTON and GARY FINEOUT,/e93e2ea6edd144f3bafec6907b14d3f4,"November 7, 2018"
GOP’s DeSantis defeats Gillum in Florida governor’s race,apf-politics, MARIA VERZA and AMY GUTHRIE,/408de7504f57429497df82a5bd52a35d,"November 7, 2018"
"Migrants weigh whether to stay in Mexico, resume trek to US",DoanThiHuong, ANDREA RODRIGUEZ,/65d228dee0144700b0d35dc62932fc1d,"November 7, 2018"
Cuban dancers return to island that once spurned them,Theater, MICHAEL MAROT,/8457f060af45417db0bb91be5fb8cb8f,"November 7, 2018"
No. 1 Kansas holds off No. 10 Michigan State 92-87 in opener,apf-topnews, JANIE McCAULEY,/3b8fac656c7f446ca95542d599e2f2c0,"November 7, 2018"
Giants hire Farhan Zaidi away from Dodgers,apf-topnews, RALPH D. RUSSO,/32ab814e0f9940eda8d6f7cfeb277e24,"November 7, 2018"
"Michigan up to 4th in CFP behind Alabama, Clemson, ND",StaceyAbrams, RONALD BLUM,/9e78d8e98cb4408995d94cf7294155f8,"November 7, 2018"
"Teams, agents wonder whether slow market will repeat",apf-topnews, JAY PARIS,/6aa656d62d834468a15c5a86e59be651,"November 7, 2018"
Rizzo: Nats made offer to Bryce Harper late in season,Houston, DAN GELSTON,/263896e7421946b09d7dcf670a15c606,"November 7, 2018"
Villanova rolls in first game at new-look Pavillion,Georgia, ERIKA KINETZ,/ef51e12b444c45e8b06dfc669d886bdd,"November 7, 2018"
"China grants 18 trademarks in 2 months to Trump, daughter",JakeTapper, The Associated Press,/2f36dba937284519abd2425492308404,"November 7, 2018"
PHOTOS: America votes on Election Day,Indianapolis,,/61c62c9c104a49d6b302eb2932388496,"November 7, 2018"
Trump is all the talk among voters as Americans cast ballots,BrianWilliams, LYNN ELBER,/44821b21225a4b4dac119a91837a7690,"November 7, 2018"
Susan B. Anthony’s grave decorated with ‘I Voted’ stickers,apf-topnews, JAY COHEN,/5dc352c806d342eea42a48854c1848f6,"November 7, 2018"
Pro and college football games dominate the TV ratings,Mexico," JOSEPH PISANI, DAVID KLEPPER and ALAN SUDERMAN",/cb4a3d6d1f4145c8897fff9f3d59c986,"November 7, 2018"
Blackhawks fire 3-time Stanley Cup-winning coach Quenneville,Ballet, BARBARA ORTUTAY,/a3837467f1144df1b1f5ea1a52f0bfde,"November 7, 2018"
"Amazon considers New York, Virginia amid reports of HQ split",Michigan,,/3b4bde2bd0884042a1bf6758a5817563,"November 7, 2018"
Facebook admits not doing enough to prevent Myanmar violence,MLB,,/0a3283036d2f4e699da4aa3c6dd01727,"November 7, 2018"
Utah mayor’s widow: ‘Fitting’ his body in US on Election Day,Georgia, NASSER KARIMI and JON GAMBRELL,/afs:Content:2420555508,"November 7, 2018"
Italy working to help Pakistani Christian in blasphemy case,MLB, GARY GERARD HAMILTON,/f9bf157473af413c8cd3668e1f98ff62,"November 7, 2018"
"Closed bank, mothballed planes: Iran mocks US sanctions list",MLB, JOHN CARUCCI,/2da207fdd9e046b4a7e3958d1298b99d,"November 7, 2018"
